{
    "RL_BoneRoot": {
        "x": -1.5707962925663537,
        "y": 0,
        "z": 0.17638000010288835
    },
    "CC_Base_Hip": {
        "x": 1.6780126517048695,
        "y": -1.3227597286502557e-05,
        "z": 0.03195587055563065
    },
    "CC_Base_Pelvis": {
        "x": 0.19257725671882858,
        "y": 1.9076304626554476e-08,
        "z": 1.4956642387916628e-06
    },
    "CC_Base_L_Thigh": {
        "x": -0.26,
        "y": 0.1042501598052219,
        "z": -3.141592653589793
    },
    "CC_Base_L_Calf": {
        "x": -0.256,
        "y": -0.40065872227844723,
        "z": -0.0384724663725613
    },
    "CC_Base_L_Foot": {
        "x": 1.3,
        "y": -0.11213936108777922,
        "z": -0.40065872227844723
    },
    "CC_Base_L_ToeBaseShareBone": {
        "x": -0.8334377640644495,
        "y": -0.256399041683113,
        "z": -0.047772716496496524
    },
    "CC_Base_L_ToeBase": {
        "x": 0.46,
        "y": -0.04000952079011233,
        "z": -0.40065872227844723
    },
    "CC_Base_L_PinkyToe1": {
        "x": -0.47850586386452704,
        "y": 0.0801725707192948,
        "z": -0.05347591526391337
    },
    "CC_Base_L_RingToe1": {
        "x": -0.5729558599092323,
        "y": 0.10279627263666306,
        "z": 0.002917831516507551
    },
    "CC_Base_L_MidToe1": {
        "x": -0.4382077717501129,
        "y": 0.07309286879601883,
        "z": 0.018305671063991728
    },
    "CC_Base_L_IndexToe1": {
        "x": -0.4680229231480498,
        "y": 0.08060794000148705,
        "z": 0.04503269908796922
    },
    "CC_Base_L_BigToe1": {
        "x": -0.13331625708889286,
        "y": -0.001679106907390332,
        "z": 0.027874443519519024
    },
    "CC_Base_L_CalfTwist01": {
        "x": 2.297135920195379e-06,
        "y": -1.7487912631627672e-06,
        "z": -3.5902284390940907e-07
    },
    "CC_Base_L_CalfTwist02": {
        "x": -7.459520084050008e-06,
        "y": 0.0010262711984010695,
        "z": 8.984215287371448e-07
    },
    "CC_Base_L_KneeShareBone": {
        "x": 0.04603006309089191,
        "y": -0.003758133810796504,
        "z": 0.01954630952023794
    },
    "CC_Base_L_ThighTwist01": {
        "x": -1.7188743165143393e-05,
        "y": 1.5080858308190153e-06,
        "z": -0.0001267671051508462
    },
    "CC_Base_L_ThighTwist02": {
        "x": -1.2766544875235601e-05,
        "y": -8.436267780397357e-06,
        "z": 0.00010921042579496098
    },
    "CC_Base_R_Thigh": {
        "x": -0.69,
        "y": -0.001916542025460149,
        "z": 3.03161680700656
    },
    "CC_Base_R_ThighTwist01": {
        "x": -3.025242236863977e-05,
        "y": -4.542197713009328e-06,
        "z": 1.675738936852327e-05
    },
    "CC_Base_R_ThighTwist02": {
        "x": -5.115404754181921e-07,
        "y": 1.0692281792277648e-05,
        "z": -5.612682735855689e-07
    },
    "CC_Base_R_Calf": {
        "x": -0.11,
        "y": -0.013469922999400164,
        "z": 0.03746508191892221
    },
    "CC_Base_R_Foot": {
        "x": 0.8,
        "y": -0.11,
        "z": 0.06774272439997904
    },
    "CC_Base_R_ToeBase": {
        "x": 0.39,
        "y": -0.04283583938946257,
        "z": 0.04775652175884398
    },
    "CC_Base_R_PinkyToe1": {
        "x": -0.478511171864653,
        "y": -0.08017691846070776,
        "z": 0.053481061512939146
    },
    "CC_Base_R_BigToe1": {
        "x": -0.1332915471472658,
        "y": 0.0016785129605761818,
        "z": -0.02787354942373097
    },
    "CC_Base_R_IndexToe1": {
        "x": -0.468007763187885,
        "y": -0.08060820961715431,
        "z": -0.04502920837003041
    },
    "CC_Base_R_MidToe1": {
        "x": -0.43866942224678895,
        "y": -0.07310597915664971,
        "z": -0.018377855797163396
    },
    "CC_Base_R_RingToe1": {
        "x": -0.5729225384143969,
        "y": -0.10279716730791678,
        "z": -0.0029081824944875365
    },
    "CC_Base_R_ToeBaseShareBone": {
        "x": 0.3562747588498878,
        "y": -0.043219860545042406,
        "z": 0.04776558171486959
    },
    "CC_Base_R_KneeShareBone": {
        "x": 0.06571503079025157,
        "y": 0.004863998932447415,
        "z": -0.019313684031460807
    },
    "CC_Base_R_CalfTwist01": {
        "x": -0.00013937739301901725,
        "y": -2.156312982984856e-05,
        "z": -2.3597726226024068e-05
    },
    "CC_Base_R_CalfTwist02": {
        "x": 0.00013416304123893948,
        "y": -0.0009427445975380629,
        "z": 2.315393673360388e-05
    },
    "CC_Base_Waist": {
        "x": -0.5322305337368887,
        "y": 0.3845723732384556,
        "z": -0.03856742998093399
    },
    "CC_Base_Spine01": {
        "x": 0.03195587055563065,
        "y": -0.03856742998093399,
        "z": 4.984897241419883e-07
    },
    "CC_Base_Spine02": {
        "x": -0.07778702635493884,
        "y": 0.1730024716287608,
        "z": 1.528529178795516e-06
    },
    "CC_Base_NeckTwist01": {
        "x": 0.8782354769944103,
        "y": -0.10909073051749907,
        "z": 0.4550956737750207
    },
    "CC_Base_NeckTwist02": {
        "x": -0.10909073051749907,
        "y": 0.10247917109219573,
        "z": 0.03195587055563065
    },
    "CC_Base_Head": {
        "x": -0.2501373315906288,
        "y": -0.2501373315906288,
        "z": -0.17961403105406415
    },
    "CC_Base_FacialBone": {
        "x": 1.5709176858688474,
        "y": 1.570461361607817,
        "z": 0
    },
    "CC_Base_JawRoot": {
        "x": -4.2101448231499734e-08,
        "y": -0.00014355992163999243,
        "z": 1.5707497681354141
    },
    "CC_Base_Tongue01": {
        "x": 3.133915353978905e-06,
        "y": -2.9295331405715648e-05,
        "z": 0.10703053367173479
    },
    "CC_Base_Tongue02": {
        "x": 2.856644465581326e-06,
        "y": -2.0275812388295993e-05,
        "z": 0.15508703540218835
    },
    "CC_Base_Tongue03": {
        "x": -2.5804021204400535e-06,
        "y": -2.1233996917671625e-06,
        "z": 0.00024363389787923433
    },
    "CC_Base_Teeth02": {
        "x": -3.141272867988891,
        "y": 0.00019470198861033984,
        "z": 8.950867556914277e-06
    },
    "CC_Base_R_Eye": {
        "x": -3.141580219071535,
        "y": 1.5705346914883491,
        "z": 0
    },
    "CC_Base_L_Eye": {
        "x": -3.141592488009339,
        "y": 1.570534683646665,
        "z": 0
    },
    "CC_Base_UpperJaw": {
        "x": 0.0001068604167288359,
        "y": -4.211827594915275e-06,
        "z": 1.5708163576514687
    },
    "CC_Base_Teeth01": {
        "x": 3.141549185402953,
        "y": -6.786281770542149e-05,
        "z": 4.339615623600115e-05
    },
    "CC_Base_L_Clavicle": {
        "x": 0.18331290031494712,
        "y": 0.026583097356385726,
        "z": -1.6896974974998469
    },
    "CC_Base_L_Upperarm": {
        "x": -0.40065872227844723,
        "y": 0.24850984040055568,
        "z": -1.0498272849574501
    },
    "CC_Base_L_Forearm": {
        "x": 1.3304574448655604,
        "y": 0.897678403079559,
        "z": -0.544918402873781
    },
    "CC_Base_L_ForearmTwist01": {
        "x": -1.066284799806184e-06,
        "y": -0.3226190848030664,
        "z": -3.7235393356370783e-07
    },
    "CC_Base_L_ForearmTwist02": {
        "x": -3.5046286843002712e-06,
        "y": 0.6541171502244776,
        "z": -8.269387174808342e-06
    },
    "CC_Base_L_ElbowShareBone": {
        "x": -0.8875118672893088,
        "y": -0.36163407571297673,
        "z": -0.28679226570260835
    },
    "CC_Base_L_Hand": {
        "x": -0.4661492321104204,
        "y": 0.3140799667425581,
        "z": -0.01937496321538877
    },
    "CC_Base_L_Mid1": {
        "x": 0.2415875836132381,
        "y": 0.011644674785313067,
        "z": -0.1665365639955577
    },
    "CC_Base_L_Mid2": {
        "x": 0.03154515531889796,
        "y": 0.008919010573411622,
        "z": -0.2270347105437841
    },
    "CC_Base_L_Mid3": {
        "x": -0.000641878038566397,
        "y": 0.002269259158473795,
        "z": -0.056306514490246026
    },