{
    "_rootJoint": {
        "x": 0,
        "y": 0,
        "z": 0
    },
    "hips_00": {
        "x": 1.7886634118073979,
        "y": 2.384186065092504e-07,
        "z": 1.7793129843862185e-14
    },
    "spine_01": {
        "x": -0.46691545507026655,
        "y": 2.5520112162189255e-08,
        "z": -1.0732031582170447e-07
    },
    "chest_02": {
        "x": 0.6666655753847159,
        "y": 0.03195587055563065,
        "z": 0.03195587055563065
    },
    "neck_03": {
        "x": -0.11213936108777922,
        "y": -0.11213936108777922,
        "z": 0.17638000010288835
    },
    "head_04": {
        "x": -0.2612495654749052,
        "y": 8.090010343449422e-09,
        "z": -6.158063298987991e-08
    },
    "jaw_05": {
        "x": 2.356194608788435,
        "y": 4.070060602473971e-07,
        "z": 1.6858741722297272e-07
    },
    "jaw_end_022": {
        "x": -5.254869241218064e-46,
        "y": -3.970466940254533e-23,
        "z": -2.6469779601696886e-23
    },
    "shoulderL_06": {
        "x": -1.5519864619830708,
        "y": 0.0005824456139701264,
        "z": -1.263122181464765
    },
    "upper_armL_07": {
        "x": -2.5068829487607083,
        "y": -2.788976150906968,
        "z": 1.371898580750365
    },
    "forearmL_08": {
        "x": 0.34297875089716645,
        "y": -0.11664964689833755,
        "z": -0.009159324459407635
    },
    "handL_09": {
        "x": -0.038207870409199464,
        "y": 0.023276526631167582,
        "z": -0.01798300054583652
    },
    "handL_end_023": {
        "x": 2.7755575615628914e-17,
        "y": 1.3877787807814457e-17,
        "z": 7.37257477290143e-18
    },
    "shoulderR_010": {
        "x": -1.5519863835142411,
        "y": -0.0005824675172352686,
        "z": 1.2631213600279096
    },
    "upper_armR_011": {
        "x": -3.141592653589793,
        "y": 2.99393449309136,
        "z": -1.2374635391025386
    },
    "forearmR_012": {
        "x": 0.34297884801698336,
        "y": 0.11664968511095997,
        "z": 0.009159269290781768
    },
    "handR_013": {
        "x": -0.03820784746906116,
        "y": -0.023276521875095227,
        "z": 0.017983054931824564
    },
    "handR_end_024": {
        "x": -2.7083389842945504e-34,
        "y": -6.938893903907228e-18,
        "z": -3.903127820947816e-17
    },
    "thighL_014": {
        "x": 2.912362360922737,
        "y": 2.3218104756775784e-07,
        "z": 3.459449856089155e-08
    },
    "shinL_015": {
        "x": 0.08278238281417562,
        "y": 1.619100368654138e-09,
        "z": 1.9513757147680946e-08
    },
    "footL_016": {
        "x": -1.1814669753648401,
        "y": 2.384187171064118e-07,
        "z": 2.402492403153349e-14
    },
    "toeL_017": {
        "x": 2.6808446264402654,
        "y": 3.7865597233053606e-07,
        "z": -3.141592540583634
    },
    "toeL_end_025": {
        "x": 1.4705752414304875e-47,
        "y": -1.7778163790513333e-23,
        "z": 1.6543612251060553e-24
    },
    "thighR_018": {
        "x": 2.912362360922737,
        "y": 2.3218106148222175e-07,
        "z": 3.45945019508091e-08
    },
    "shinR_019": {
        "x": 0.08278238281417562,
        "y": 1.6191001842223884e-09,
        "z": 1.951375537743941e-08
    },
    "footR_020": {
        "x": -1.1814669753648401,
        "y": -2.384187053038369e-07,
        "z": -1.6109899194814814e-14
    },
    "toeR_021": {
        "x": 2.6808446264402654,
        "y": -3.7865596949122185e-07,
        "z": 3.1415925405836216
    },
    "toeR_end_026": {
        "x": 5.293955920339377e-23,
        "y": -3.5800609404381025e-23,
        "z": 8.271806125530277e-25
    }
}