{
    "RL_BoneRoot": {
        "rotation_x": 0.0,
        "rotation_y": -0.0,
        "rotation_z": 0.0
    },
    "CC_Base_Hip": {
        "rotation_x": 0.03168899938464165,
        "rotation_y": 1.3750094751685538e-07,
        "rotation_z": -4.171496357230353e-07
    },
    "CC_Base_Pelvis": {
        "rotation_x": 0.22117269039154053,
        "rotation_y": 3.40861674885673e-07,
        "rotation_z": -3.016749360540416e-06
    },
    "CC_Base_L_Thigh": {
        "rotation_x": 0.2867586612701416,
        "rotation_y": -0.029150770977139473,
        "rotation_z": -0.005012058187276125
    },
    "CC_Base_L_Calf": {
        "rotation_x": -0.5739659070968628,
        "rotation_y": 0.03509768098592758,
        "rotation_z": -0.009141669608652592
    },
    "CC_Base_L_Foot": {
        "rotation_x": 0.20480568706989288,
        "rotation_y": 0.001669989200308919,
        "rotation_z": -0.0087271211668849
    },
    "CC_Base_L_ToeBaseShareBone": {
        "rotation_x": 0.4789367616176605,
        "rotation_y": 0.016548309475183487,
        "rotation_z": 0.004700623452663422
    },
    "CC_Base_L_ToeBase": {
        "rotation_x": 0.19135840237140656,
        "rotation_y": 0.006862792186439037,
        "rotation_z": 0.0008468056912533939
    },
    "CC_Base_L_PinkyToe1": {
        "rotation_x": 0.0,
        "rotation_y": -0.0,
        "rotation_z": 0.0
    },
    "CC_Base_L_RingToe1": {
        "rotation_x": 0.0,
        "rotation_y": -0.0,
        "rotation_z": 0.0
    },
    "CC_Base_L_MidToe1": {
        "rotation_x": 0.0,
        "rotation_y": -0.0,
        "rotation_z": 0.0
    },
    "CC_Base_L_IndexToe1": {
        "rotation_x": 0.0,
        "rotation_y": -0.0,
        "rotation_z": 0.0
    },
    "CC_Base_L_BigToe1": {
        "rotation_x": 0.0,
        "rotation_y": -0.0,
        "rotation_z": 0.0
    },
    "CC_Base_L_CalfTwist01": {
        "rotation_x": 0.0,
        "rotation_y": -0.0,
        "rotation_z": 0.0
    },
    "CC_Base_L_CalfTwist02": {
        "rotation_x": 0.0,
        "rotation_y": -0.0,
        "rotation_z": 0.0
    },
    "CC_Base_L_KneeShareBone": {
        "rotation_x": 0.0,
        "rotation_y": -0.0,
        "rotation_z": 0.0
    },
    "CC_Base_L_ThighTwist01": {
        "rotation_x": 0.0,
        "rotation_y": -0.0,
        "rotation_z": 0.0
    },
    "CC_Base_L_ThighTwist02": {
        "rotation_x": 0.0,
        "rotation_y": -0.0,
        "rotation_z": 0.0
    },
    "CC_Base_R_Thigh": {
        "rotation_x": 0.5872069597244263,
        "rotation_y": 0.06077516824007034,
        "rotation_z": 0.019553476944565773
    },
    "CC_Base_R_ThighTwist01": {
        "rotation_x": 0.0,
        "rotation_y": -0.0,
        "rotation_z": 0.0
    },
    "CC_Base_R_ThighTwist02": {
        "rotation_x": 0.0,
        "rotation_y": -0.0,
        "rotation_z": 0.0
    },
    "CC_Base_R_Calf": {
        "rotation_x": -0.2115776538848877,
        "rotation_y": -0.015065238811075687,
        "rotation_z": 0.0009878897108137608
    },
    "CC_Base_R_Foot": {
        "rotation_x": -0.19780233502388,
        "rotation_y": 0.007590517867356539,
        "rotation_z": -0.008550918661057949
    },
    "CC_Base_R_ToeBase": {
        "rotation_x": 0.12287832796573639,
        "rotation_y": -0.009137196466326714,
        "rotation_z": 0.0005216622957959771
    },
    "CC_Base_R_PinkyToe1": {
        "rotation_x": 0.0,
        "rotation_y": -0.0,
        "rotation_z": 0.0
    },
    "CC_Base_R_BigToe1": {
        "rotation_x": 0.0,
        "rotation_y": -0.0,
        "rotation_z": 0.0
    },
    "CC_Base_R_IndexToe1": {
        "rotation_x": 0.0,
        "rotation_y": -0.0,
        "rotation_z": 0.0
    },
    "CC_Base_R_MidToe1": {
        "rotation_x": 0.0,
        "rotation_y": -0.0,
        "rotation_z": 0.0
    },
    "CC_Base_R_RingToe1": {
        "rotation_x": 0.0,
        "rotation_y": -0.0,
        "rotation_z": 0.0
    },
    "CC_Base_R_ToeBaseShareBone": {
        "rotation_x": 0.0,
        "rotation_y": -0.0,
        "rotation_z": 0.0
    },
    "CC_Base_R_KneeShareBone": {
        "rotation_x": 0.4204338490962982,
        "rotation_y": 0.036821186542510986,
        "rotation_z": 0.009158672764897346
    },
    "CC_Base_R_CalfTwist01": {
        "rotation_x": 0.0,
        "rotation_y": -0.0,
        "rotation_z": 0.0
    },
    "CC_Base_R_CalfTwist02": {
        "rotation_x": 0.0,
        "rotation_y": -0.0,
        "rotation_z": 0.0
    },
    "CC_Base_Waist": {
        "rotation_x": 0.060056786984205246,
        "rotation_y": 0.02104749158024788,
        "rotation_z": -0.05365558713674545
    },
    "CC_Base_Spine01": {
        "rotation_x": -0.06633757054805756,
        "rotation_y": -0.011914454400539398,
        "rotation_z": -0.024472923949360847
    },
    "CC_Base_Spine02": {
        "rotation_x": 0.05577418580651283,
        "rotation_y": 0.004523050040006638,
        "rotation_z": 0.0005797787453047931
    },
    "CC_Base_NeckTwist01": {
        "rotation_x": 0.05174732208251953,
        "rotation_y": 0.034458719193935394,
        "rotation_z": 0.09352713823318481
    },
    "CC_Base_NeckTwist02": {
        "rotation_x": 0.0,
        "rotation_y": -0.0,
        "rotation_z": 0.0
    },
    "CC_Base_Head": {
        "rotation_x": -0.09144192188978195,
        "rotation_y": 0.0019106930121779442,
        "rotation_z": 0.0006650266004726291
    },
    "CC_Base_FacialBone": {
        "rotation_x": 0.0,
        "rotation_y": -0.0,
        "rotation_z": 0.0
    },
    "CC_Base_JawRoot": {
        "rotation_x": 0.0,
        "rotation_y": -0.0,
        "rotation_z": 0.0
    },
    "CC_Base_Tongue01": {
        "rotation_x": 0.0,
        "rotation_y": -0.0,
        "rotation_z": 0.0
    },
    "CC_Base_Tongue02": {
        "rotation_x": 0.0,
        "rotation_y": -0.0,
        "rotation_z": 0.0
    },
    "CC_Base_Tongue03": {
        "rotation_x": 0.0,
        "rotation_y": -0.0,
        "rotation_z": 0.0
    },
    "CC_Base_Teeth02": {
        "rotation_x": 0.0,
        "rotation_y": -0.0,
        "rotation_z": 0.0
    },
    "CC_Base_R_Eye": {
        "rotation_x": 0.0,
        "rotation_y": -0.0,
        "rotation_z": 0.0
    },
    "CC_Base_L_Eye": {
        "rotation_x": 0.0,
        "rotation_y": -0.0,
        "rotation_z": 0.0
    },
    "CC_Base_UpperJaw": {
        "rotation_x": 0.0,
        "rotation_y": -0.0,
        "rotation_z": 0.0
    },
    "CC_Base_Teeth01": {
        "rotation_x": 0.0,
        "rotation_y": -0.0,
        "rotation_z": 0.0
    },
    "CC_Base_L_Clavicle": {
        "rotation_x": 0.0,
        "rotation_y": -0.0,
        "rotation_z": 0.0
    },
    "CC_Base_L_Upperarm": {
        "rotation_x": -0.01058358047157526,
        "rotation_y": -0.35214945673942566,
        "rotation_z": -0.5432292819023132
    },
    "CC_Base_L_Forearm": {
        "rotation_x": -0.1826881766319275,
        "rotation_y": -0.12808284163475037,
        "rotation_z": -0.2561527490615845
    },
    "CC_Base_L_ForearmTwist01": {
        "rotation_x": 0.0,
        "rotation_y": -0.0,
        "rotation_z": 0.0
    },
    "CC_Base_L_ForearmTwist02": {
        "rotation_x": 0.0,
        "rotation_y": -0.0,
        "rotation_z": 0.0
    },
    "CC_Base_L_ElbowShareBone": {
        "rotation_x": 0.0,
        "rotation_y": -0.0,
        "rotation_z": 0.0
    },
    "CC_Base_L_Hand": {
        "rotation_x": 0.09571482986211777,
        "rotation_y": -0.011583914048969746,
        "rotation_z": -0.10381632298231125
    },
    "CC_Base_L_Mid1": {
        "rotation_x": -0.031566787511110306,
        "rotation_y": -0.13830909132957458,
        "rotation_z": -0.16533604264259338
    },
    "CC_Base_L_Mid2": {
        "rotation_x": 0.00018409534823149443,
        "rotation_y": -0.10964886099100113,
        "rotation_z": -0.12235216051340103
    },
    "CC_Base_L_Mid3": {
        "rotation_x": 2.358857454964891e-05,
        "rotation_y": -0.007178180385380983,
        "rotation_z": -0.008008783683180809
    },